timestamp,symbol,price
2024-11-13 22:02:56.737,BTC-USDT,88571.7
2025-03-16 10:44:29.489,BTC-USDT,83751.7
2025-03-16 10:44:44.814,BTC-USDT,83779.5
2025-03-16 10:45:02.452,BTC-USDT,83796.8
2025-03-16 10:45:16.585,BTC-USDT,83774.0
2025-03-16 10:45:38.166,BTC-USDT,83770.3
2025-03-16 10:45:54.400,BTC-USDT,83767.2
2025-03-16 10:46:07.714,BTC-USDT,83749.5
2025-03-16 10:46:26.898,BTC-USDT,83740.5
2025-03-16 10:46:45.042,BTC-USDT,83743.3
2025-03-16 10:47:02.664,BTC-USDT,83735.9
2025-03-16 10:47:14.330,BTC-USDT,83739.5
2025-03-16 10:47:37.071,BTC-USDT,83735.8
2025-03-16 10:47:53.493,BTC-USDT,83771.6
2025-03-16 10:48:12.814,BTC-USDT,83773.9
2025-03-16 10:48:30.298,BTC-USDT,83757.4
2025-03-16 10:48:39.410,BTC-USDT,83743.7
2025-03-16 10:49:05.342,BTC-USDT,83735.8
2025-03-16 10:49:19.809,BTC-USDT,83735.9
2025-03-16 10:49:38.469,BTC-USDT,83735.9
2025-03-16 10:49:54.119,BTC-USDT,83735.8
2025-03-16 10:50:14.406,BTC-USDT,83730.8
2025-03-16 10:50:30.270,BTC-USDT,83709.4
2025-03-16 10:50:47.900,BTC-USDT,83714.5
2025-03-16 10:51:05.887,BTC-USDT,83703.2
2025-03-16 10:51:22.011,BTC-USDT,83725.0
2025-03-16 10:51:40.234,BTC-USDT,83706.3
2025-03-16 10:51:46.652,BTC-USDT,83706.2
2025-03-16 10:52:13.729,BTC-USDT,83694.5
2025-03-16 10:52:31.755,BTC-USDT,83706.9
2025-03-16 10:52:47.491,BTC-USDT,83709.3
2025-03-16 10:52:53.887,BTC-USDT,83713.0
2025-03-16 10:53:18.951,BTC-USDT,83706.2
2025-03-16 10:53:35.883,BTC-USDT,83722.9
2025-03-16 10:53:53.635,BTC-USDT,83771.0
2025-03-16 10:54:07.916,BTC-USDT,83785.0
2025-03-16 10:54:25.108,BTC-USDT,83759.7
2025-03-16 10:54:35.456,BTC-USDT,83759.6
2025-03-16 10:54:58.984,BTC-USDT,83740.0
2025-03-16 10:55:18.149,BTC-USDT,83743.9
2025-03-16 10:55:34.127,BTC-USDT,83720.8
2025-03-16 10:55:38.263,BTC-USDT,83717.0
2025-03-16 10:55:59.560,BTC-USDT,83722.0
2025-03-16 10:56:25.590,BTC-USDT,83706.5
2025-03-16 10:56:40.034,BTC-USDT,83703.8
2025-03-16 10:56:55.923,BTC-USDT,83684.0
2025-03-16 10:57:13.678,BTC-USDT,83684.8
2025-03-16 10:57:35.649,BTC-USDT,83689.8
2025-03-16 10:57:51.965,BTC-USDT,83689.9
2025-03-16 10:58:10.088,BTC-USDT,83667.7
2025-03-16 10:58:25.835,BTC-USDT,83667.4
2025-03-16 10:58:43.038,BTC-USDT,83673.4
2025-03-16 10:58:54.170,BTC-USDT,83673.4
2025-03-16 10:59:08.899,BTC-USDT,83673.4
2025-03-16 10:59:34.303,BTC-USDT,83673.4
2025-03-16 10:59:42.246,BTC-USDT,83673.4
2025-03-16 11:00:07.069,BTC-USDT,83679.1
2025-03-16 11:00:24.095,BTC-USDT,83688.3
2025-03-16 11:00:41.922,BTC-USDT,83681.6
2025-03-16 11:01:00.256,BTC-USDT,83664.6
2025-03-16 11:01:17.223,BTC-USDT,83579.4
2025-03-16 11:01:33.159,BTC-USDT,83605.0
2025-03-16 11:01:50.745,BTC-USDT,83593.9
2025-03-16 11:02:07.397,BTC-USDT,83604.8
2025-03-16 11:02:24.814,BTC-USDT,83494.8
2025-03-16 11:02:41.869,BTC-USDT,83569.5
2025-03-16 11:02:59.583,BTC-USDT,83400.0
2025-03-16 11:03:15.891,BTC-USDT,83413.7
2025-03-16 11:03:33.015,BTC-USDT,83423.0
2025-03-16 11:03:50.001,BTC-USDT,83409.2
2025-03-16 11:04:07.872,BTC-USDT,83459.7
2025-03-16 11:04:24.833,BTC-USDT,83399.0
2025-03-16 11:04:40.271,BTC-USDT,83362.0
2025-03-16 11:04:59.109,BTC-USDT,83335.8
2025-03-16 11:05:12.330,BTC-USDT,83331.0
2025-03-16 11:05:33.238,BTC-USDT,83325.8
2025-03-16 11:05:49.781,BTC-USDT,83350.3
2025-03-16 11:06:06.234,BTC-USDT,83350.8
2025-03-16 11:06:24.462,BTC-USDT,83301.4
2025-03-16 11:06:41.131,BTC-USDT,83279.9
2025-03-16 11:06:56.938,BTC-USDT,83249.9
2025-03-16 11:07:15.268,BTC-USDT,83241.9
2025-03-16 11:07:28.942,BTC-USDT,83245.3
2025-03-16 11:07:39.734,BTC-USDT,83245.2
2025-03-16 11:08:03.261,BTC-USDT,83252.8
2025-03-16 11:08:22.425,BTC-USDT,83231.7
2025-03-16 11:08:40.079,BTC-USDT,83263.3
2025-03-16 11:08:56.742,BTC-USDT,83260.8
2025-03-16 11:09:14.470,BTC-USDT,83245.6
2025-03-16 11:09:31.465,BTC-USDT,83310.3
2025-03-16 11:09:47.868,BTC-USDT,83366.1
2025-03-16 11:10:03.522,BTC-USDT,83344.8
2025-03-16 11:10:22.523,BTC-USDT,83319.5
2025-03-16 11:10:37.562,BTC-USDT,83248.2
2025-03-16 11:10:54.903,BTC-USDT,83261.1
2025-03-16 11:11:12.985,BTC-USDT,83258.3
2025-03-16 11:11:28.259,BTC-USDT,83235.8
2025-03-16 11:11:47.270,BTC-USDT,83164.2
2025-03-16 11:12:04.124,BTC-USDT,83163.7
2025-03-16 11:12:19.700,BTC-USDT,83123.9
2025-03-16 11:12:38.496,BTC-USDT,83154.9
2025-03-16 11:12:54.779,BTC-USDT,83198.0
2025-03-16 11:13:08.981,BTC-USDT,83154.8
2025-03-16 11:13:28.985,BTC-USDT,83113.2
2025-03-16 11:13:45.831,BTC-USDT,83110.0
2025-03-16 11:14:04.378,BTC-USDT,83165.6
2025-03-16 11:14:18.886,BTC-USDT,83213.2
2025-03-16 11:14:32.569,BTC-USDT,83211.0
2025-03-16 11:14:56.416,BTC-USDT,83254.6
2025-03-16 11:15:13.209,BTC-USDT,83175.3
2025-03-16 11:15:26.254,BTC-USDT,83114.2
2025-03-16 11:15:46.575,BTC-USDT,83098.1
2025-03-16 11:16:04.900,BTC-USDT,83128.1
2025-03-16 11:16:22.043,BTC-USDT,83071.5
2025-03-16 11:16:38.734,BTC-USDT,83073.7
2025-03-16 11:16:55.753,BTC-USDT,83057.9
2025-03-16 11:17:12.946,BTC-USDT,82951.6
2025-03-16 11:17:30.045,BTC-USDT,82839.0
2025-03-16 11:17:46.220,BTC-USDT,82873.1
2025-03-16 11:18:03.723,BTC-USDT,82856.4
2025-03-16 11:18:21.086,BTC-USDT,82795.8
2025-03-16 11:18:37.582,BTC-USDT,82849.8
2025-03-16 11:18:54.658,BTC-USDT,82841.1
2025-03-16 11:19:12.221,BTC-USDT,82845.3
2025-03-16 11:19:29.755,BTC-USDT,82875.6
2025-03-16 11:19:44.789,BTC-USDT,82890.9
2025-03-16 11:20:03.585,BTC-USDT,82973.8
2025-03-16 11:20:19.224,BTC-USDT,82896.3
2025-03-16 11:20:37.064,BTC-USDT,82832.8
2025-03-16 11:20:54.144,BTC-USDT,82802.3
2025-03-16 11:21:11.804,BTC-USDT,82799.9
2025-03-16 11:21:28.885,BTC-USDT,82776.1
2025-03-16 11:21:44.423,BTC-USDT,82751.3
2025-03-16 11:22:02.819,BTC-USDT,82756.6
2025-03-16 11:22:19.549,BTC-USDT,82771.7
2025-03-16 11:22:34.703,BTC-USDT,82745.8
2025-03-16 11:22:54.397,BTC-USDT,82710.9
2025-03-16 11:23:11.990,BTC-USDT,82721.6
2025-03-16 11:23:28.122,BTC-USDT,82712.0
2025-03-16 11:23:44.438,BTC-USDT,82742.0
2025-03-16 11:24:03.036,BTC-USDT,82755.0
2025-03-16 11:24:20.378,BTC-USDT,82772.6
2025-03-16 11:24:33.878,BTC-USDT,82742.2
2025-03-16 11:24:51.686,BTC-USDT,82817.5
2025-03-16 11:25:10.605,BTC-USDT,82866.8
2025-03-16 11:25:28.461,BTC-USDT,82869.3
2025-03-16 11:25:45.808,BTC-USDT,82880.7
2025-03-16 11:26:02.560,BTC-USDT,82900.3
2025-03-16 11:26:18.148,BTC-USDT,82845.2
2025-03-16 11:26:37.177,BTC-USDT,82792.6
2025-03-16 11:26:53.811,BTC-USDT,82813.0
2025-03-16 11:27:10.441,BTC-USDT,82819.4
2025-03-16 11:27:27.910,BTC-USDT,82846.0
2025-03-16 11:27:44.752,BTC-USDT,82854.1
2025-03-16 11:28:01.701,BTC-USDT,82789.9
2025-03-16 11:28:19.437,BTC-USDT,82802.5
2025-03-16 11:28:35.665,BTC-USDT,82825.0
2025-03-16 11:28:51.679,BTC-USDT,82823.6
2025-03-16 11:29:09.378,BTC-USDT,82837.1
2025-03-16 11:29:26.488,BTC-USDT,82826.6
2025-03-16 11:29:44.728,BTC-USDT,82836.5
2025-03-16 11:30:01.649,BTC-USDT,82850.1
2025-03-16 11:30:18.651,BTC-USDT,82779.5
2025-03-16 11:30:34.861,BTC-USDT,82777.6
2025-03-16 11:30:53.450,BTC-USDT,82790.4
2025-03-16 11:31:10.383,BTC-USDT,82783.5
2025-03-16 11:31:27.381,BTC-USDT,82769.7
2025-03-16 11:31:44.432,BTC-USDT,82781.0
2025-03-16 11:32:00.304,BTC-USDT,82778.2
2025-03-16 11:32:19.073,BTC-USDT,82719.7
2025-03-16 11:32:36.215,BTC-USDT,82727.2
2025-03-16 11:32:54.165,BTC-USDT,82664.8
2025-03-16 11:33:11.454,BTC-USDT,82722.2
2025-03-16 11:33:27.966,BTC-USDT,82683.7
2025-03-16 11:33:43.464,BTC-USDT,82737.3
2025-03-16 11:34:02.107,BTC-USDT,82708.6
2025-03-16 11:34:19.445,BTC-USDT,82709.4
2025-03-16 11:34:36.269,BTC-USDT,82727.9
2025-03-16 11:34:53.209,BTC-USDT,82721.3
2025-03-16 11:35:11.024,BTC-USDT,82713.0
2025-03-16 11:35:27.443,BTC-USDT,82703.5
2025-03-16 11:35:44.810,BTC-USDT,82699.4
2025-03-16 11:36:02.203,BTC-USDT,82614.5
2025-03-16 11:36:19.032,BTC-USDT,82614.5
2025-03-16 11:36:37.173,BTC-USDT,82603.8
2025-03-16 11:36:53.746,BTC-USDT,82620.1
2025-03-16 11:37:11.348,BTC-USDT,82583.5
2025-03-16 11:37:28.786,BTC-USDT,82554.5
2025-03-16 11:37:45.995,BTC-USDT,82601.6
2025-03-16 11:38:00.350,BTC-USDT,82577.5
2025-03-16 11:38:16.313,BTC-USDT,82623.8
2025-03-16 11:38:34.604,BTC-USDT,82601.5
2025-03-16 11:38:51.633,BTC-USDT,82600.8
2025-03-16 11:39:09.703,BTC-USDT,82580.0
2025-03-16 11:39:26.826,BTC-USDT,82531.1
2025-03-16 11:39:44.729,BTC-USDT,82547.9
2025-03-16 11:40:02.179,BTC-USDT,82536.8
2025-03-16 11:40:16.968,BTC-USDT,82548.0
2025-03-16 11:40:36.190,BTC-USDT,82507.5
2025-03-16 11:40:52.766,BTC-USDT,82480.1
2025-03-16 11:41:11.250,BTC-USDT,82506.4
2025-03-16 11:41:28.204,BTC-USDT,82516.7
2025-03-16 11:41:45.604,BTC-USDT,82448.9
2025-03-16 11:42:01.271,BTC-USDT,82442.8
2025-03-16 11:42:19.045,BTC-USDT,82448.0
2025-03-16 11:42:36.725,BTC-USDT,82402.7
2025-03-16 11:42:54.096,BTC-USDT,82397.0
2025-03-16 11:43:12.484,BTC-USDT,82433.6
2025-03-16 11:43:29.864,BTC-USDT,82522.5
2025-03-16 11:43:46.437,BTC-USDT,82515.5
2025-03-16 11:44:03.119,BTC-USDT,82558.7
2025-03-16 11:44:20.700,BTC-USDT,82563.4
2025-03-16 11:44:37.291,BTC-USDT,82562.8
2025-03-16 11:44:51.931,BTC-USDT,82536.8
2025-03-16 11:45:11.739,BTC-USDT,82476.4
2025-03-16 11:45:29.271,BTC-USDT,82393.3
2025-03-16 11:45:44.005,BTC-USDT,82424.3
2025-03-16 11:46:03.425,BTC-USDT,82404.6
2025-03-16 11:46:19.699,BTC-USDT,82437.6
2025-03-16 11:46:36.377,BTC-USDT,82447.0
2025-03-16 11:46:53.872,BTC-USDT,82483.6
2025-03-16 11:47:12.758,BTC-USDT,82551.2
2025-03-16 11:47:28.962,BTC-USDT,82611.8
2025-03-16 11:47:46.824,BTC-USDT,82631.5
2025-03-16 11:48:04.197,BTC-USDT,82608.5
2025-03-16 11:48:21.894,BTC-USDT,82569.1
2025-03-16 11:48:38.547,BTC-USDT,82561.6
2025-03-16 11:48:54.622,BTC-USDT,82567.5
2025-03-16 11:49:10.809,BTC-USDT,82548.3
2025-03-16 11:49:29.914,BTC-USDT,82563.3
2025-03-16 11:49:47.184,BTC-USDT,82553.1
2025-03-16 11:50:00.104,BTC-USDT,82540.2
2025-03-16 11:50:21.272,BTC-USDT,82488.1
2025-03-16 11:50:38.695,BTC-USDT,82502.1
2025-03-16 11:50:55.771,BTC-USDT,82463.3
2025-03-16 11:51:11.363,BTC-USDT,82443.1
2025-03-16 11:51:27.736,BTC-USDT,82433.0
2025-03-16 11:51:47.719,BTC-USDT,82452.1
2025-03-16 11:52:03.459,BTC-USDT,82444.7
2025-03-16 11:52:18.750,BTC-USDT,82414.7
2025-03-16 11:52:37.535,BTC-USDT,82430.9
2025-03-16 11:52:55.710,BTC-USDT,82378.0
2025-03-16 11:53:12.833,BTC-USDT,82414.5
2025-03-16 11:53:29.931,BTC-USDT,82444.5
2025-03-16 11:53:47.556,BTC-USDT,82513.5
2025-03-16 11:54:02.372,BTC-USDT,82521.2
2025-03-16 11:54:20.984,BTC-USDT,82487.2
2025-03-16 11:54:35.765,BTC-USDT,82491.2
2025-03-16 11:54:55.459,BTC-USDT,82501.6
2025-03-16 11:55:12.936,BTC-USDT,82450.2
2025-03-16 11:55:26.982,BTC-USDT,82439.9
2025-03-16 11:55:46.323,BTC-USDT,82453.5
2025-03-16 11:56:04.113,BTC-USDT,82469.5
2025-03-16 11:56:20.604,BTC-USDT,82438.6
2025-03-16 11:56:38.668,BTC-USDT,82438.6
2025-03-16 11:56:51.719,BTC-USDT,82455.9
2025-03-16 11:57:11.666,BTC-USDT,82431.4
2025-03-16 11:57:28.415,BTC-USDT,82498.0
2025-03-16 11:57:46.725,BTC-USDT,82489.5
2025-03-16 11:58:01.580,BTC-USDT,82426.4
2025-03-16 11:58:21.295,BTC-USDT,82406.5
2025-03-16 11:58:38.176,BTC-USDT,82441.6
2025-03-16 11:58:55.557,BTC-USDT,82452.1
2025-03-16 11:59:13.197,BTC-USDT,82407.8
2025-03-16 11:59:28.884,BTC-USDT,82427.6
2025-03-16 11:59:46.330,BTC-USDT,82410.6
2025-03-16 12:00:04.356,BTC-USDT,82400.8
2025-03-16 12:00:22.291,BTC-USDT,82399.3
2025-03-16 12:00:38.614,BTC-USDT,82403.6
2025-03-16 12:00:55.678,BTC-USDT,82493.9
2025-03-16 12:01:13.229,BTC-USDT,82496.5
2025-03-16 12:01:30.701,BTC-USDT,82518.7
2025-03-16 12:01:47.351,BTC-USDT,82564.2
2025-03-16 12:02:05.122,BTC-USDT,82554.4
2025-03-16 12:02:22.537,BTC-USDT,82554.0
2025-03-16 12:02:39.577,BTC-USDT,82527.5
2025-03-16 12:02:57.147,BTC-USDT,82513.2
2025-03-16 12:03:13.904,BTC-USDT,82457.5
2025-03-16 12:03:31.218,BTC-USDT,82486.1
2025-03-16 12:03:48.627,BTC-USDT,82518.1
2025-03-16 12:04:04.773,BTC-USDT,82534.8
2025-03-16 12:04:22.235,BTC-USDT,82570.6
2025-03-16 12:04:38.561,BTC-USDT,82570.6
2025-03-16 12:04:56.744,BTC-USDT,82611.4
2025-03-16 12:05:12.679,BTC-USDT,82635.9
2025-03-16 12:05:31.557,BTC-USDT,82619.3
2025-03-16 12:05:48.270,BTC-USDT,82658.8
2025-03-16 12:06:04.588,BTC-USDT,82701.2
2025-03-16 12:06:22.456,BTC-USDT,82606.8
2025-03-16 12:06:40.233,BTC-USDT,82684.9
2025-03-16 12:06:56.414,BTC-USDT,82633.8
2025-03-16 12:07:14.855,BTC-USDT,82576.3
2025-03-16 12:07:31.839,BTC-USDT,82640.4
2025-03-16 12:07:48.186,BTC-USDT,82656.7
2025-03-16 12:08:03.657,BTC-USDT,82705.9
2025-03-16 12:08:21.990,BTC-USDT,82705.9
2025-03-16 12:08:41.028,BTC-USDT,82707.8
2025-03-16 12:08:57.530,BTC-USDT,82714.1
2025-03-16 12:09:15.859,BTC-USDT,82691.1
2025-03-16 12:09:34.878,BTC-USDT,82681.0
2025-03-16 12:09:50.030,BTC-USDT,82655.5
2025-03-16 12:10:10.338,BTC-USDT,82603.6
2025-03-16 12:10:25.627,BTC-USDT,82609.5
2025-03-16 12:10:42.452,BTC-USDT,82589.6
2025-03-16 12:11:00.800,BTC-USDT,82584.7
2025-03-16 12:11:18.563,BTC-USDT,82629.7
2025-03-16 12:11:36.599,BTC-USDT,82647.6
2025-03-16 12:12:12.932,BTC-USDT,82580.1
2025-03-16 12:12:30.746,BTC-USDT,82563.5
2025-03-16 12:12:46.935,BTC-USDT,82559.5
2025-03-16 12:13:05.425,BTC-USDT,82531.5
2025-03-16 12:13:22.040,BTC-USDT,82585.2
2025-03-16 12:13:45.639,BTC-USDT,82604.7
2025-03-16 12:14:02.580,BTC-USDT,82581.9
2025-03-16 12:14:19.944,BTC-USDT,82596.9
2025-03-16 12:14:37.439,BTC-USDT,82660.0
2025-03-16 12:14:53.279,BTC-USDT,82627.8
2025-03-16 12:15:11.150,BTC-USDT,82686.6
2025-03-16 12:15:28.536,BTC-USDT,82659.5
2025-03-16 12:15:43.784,BTC-USDT,82650.7
2025-03-16 12:16:00.810,BTC-USDT,82628.2
2025-03-16 12:16:20.008,BTC-USDT,82583.8
2025-03-16 12:16:36.396,BTC-USDT,82538.2
2025-03-16 12:16:52.831,BTC-USDT,82561.8
2025-03-16 12:17:09.083,BTC-USDT,82581.2
2025-03-16 12:17:28.649,BTC-USDT,82581.4
2025-03-16 12:17:44.936,BTC-USDT,82542.5
2025-03-16 12:18:02.988,BTC-USDT,82515.9
2025-03-16 12:18:19.169,BTC-USDT,82534.0
2025-03-16 12:18:36.696,BTC-USDT,82520.8
2025-03-16 12:18:52.843,BTC-USDT,82476.8
2025-03-16 12:19:11.043,BTC-USDT,82477.0
2025-03-16 12:19:28.252,BTC-USDT,82476.8
2025-03-16 12:19:47.175,BTC-USDT,82443.7
2025-03-16 12:20:04.565,BTC-USDT,82502.9
2025-03-16 12:20:22.603,BTC-USDT,82512.7
2025-03-16 12:20:40.121,BTC-USDT,82522.1
2025-03-16 12:20:53.137,BTC-USDT,82529.9
2025-03-16 12:21:14.638,BTC-USDT,82584.9
2025-03-16 12:21:30.904,BTC-USDT,82532.6
2025-03-16 12:21:46.229,BTC-USDT,82524.7
2025-03-16 12:22:03.543,BTC-USDT,82512.7
2025-03-16 12:22:17.369,BTC-USDT,82514.0
2025-03-16 12:22:41.044,BTC-USDT,82538.1
2025-03-16 12:22:54.689,BTC-USDT,82534.9
2025-03-16 12:23:14.613,BTC-USDT,82560.6
2025-03-16 12:23:31.692,BTC-USDT,82575.8
2025-03-16 12:23:42.074,BTC-USDT,82591.5
2025-03-16 12:24:04.074,BTC-USDT,82596.2
2025-03-16 12:24:26.212,BTC-USDT,82620.3
2025-03-16 12:24:39.423,BTC-USDT,82646.1
2025-03-16 12:25:01.915,BTC-USDT,82646.6
2025-03-16 12:25:17.712,BTC-USDT,82643.7
2025-03-16 12:25:35.641,BTC-USDT,82604.1
2025-03-16 12:25:54.916,BTC-USDT,82606.3
2025-03-16 12:26:08.133,BTC-USDT,82623.2
2025-03-16 12:26:30.073,BTC-USDT,82665.3
2025-03-16 12:26:49.691,BTC-USDT,82683.0
2025-03-16 12:27:10.108,BTC-USDT,82701.3
2025-03-16 12:27:24.131,BTC-USDT,82703.6
2025-03-16 12:27:43.248,BTC-USDT,82724.9
2025-03-16 12:28:03.547,BTC-USDT,82729.4
2025-03-16 12:28:21.093,BTC-USDT,82825.0
2025-03-16 12:28:39.467,BTC-USDT,82796.3
2025-03-16 12:28:57.014,BTC-USDT,82889.4
2025-03-16 12:29:14.225,BTC-USDT,82906.7
2025-03-16 12:29:31.647,BTC-USDT,82922.4
2025-03-16 12:29:45.412,BTC-USDT,82839.1
2025-03-16 12:30:07.877,BTC-USDT,82841.0
2025-03-16 12:30:25.740,BTC-USDT,82765.9
2025-03-16 12:30:42.218,BTC-USDT,82755.7
2025-03-16 12:30:58.674,BTC-USDT,82766.0
2025-03-16 12:31:14.236,BTC-USDT,82803.5
2025-03-16 12:31:35.516,BTC-USDT,82825.2
2025-03-16 12:31:50.131,BTC-USDT,82785.5
2025-03-16 12:32:10.487,BTC-USDT,82796.6
2025-03-16 12:32:28.538,BTC-USDT,82790.6
2025-03-16 12:32:45.099,BTC-USDT,82770.2
2025-03-16 12:33:03.023,BTC-USDT,82785.3
2025-03-16 12:33:17.820,BTC-USDT,82763.8
2025-03-16 12:33:35.995,BTC-USDT,82776.4
2025-03-16 12:33:53.919,BTC-USDT,82756.1
2025-03-16 12:34:10.218,BTC-USDT,82753.9
2025-03-16 12:34:29.560,BTC-USDT,82834.0
2025-03-16 12:34:46.100,BTC-USDT,82825.7
2025-03-16 12:35:04.858,BTC-USDT,82810.0
2025-03-16 12:35:20.499,BTC-USDT,82811.6
2025-03-16 12:35:31.668,BTC-USDT,82778.1
2025-03-16 12:35:51.000,BTC-USDT,82802.7
2025-03-16 12:36:08.129,BTC-USDT,82821.0
2025-03-16 12:36:26.185,BTC-USDT,82771.0
2025-03-16 12:36:44.985,BTC-USDT,82765.5
2025-03-16 12:37:02.568,BTC-USDT,82761.2
2025-03-16 12:37:20.031,BTC-USDT,82765.9
2025-03-16 12:37:35.382,BTC-USDT,82756.5
2025-03-16 12:37:54.525,BTC-USDT,82755.4
2025-03-16 12:38:12.227,BTC-USDT,82734.8
2025-03-16 12:38:29.913,BTC-USDT,82705.9
2025-03-16 12:38:47.606,BTC-USDT,82702.4
2025-03-16 12:39:04.675,BTC-USDT,82689.9
2025-03-16 12:39:21.952,BTC-USDT,82691.4
2025-03-16 12:39:37.938,BTC-USDT,82673.8
2025-03-16 12:39:56.051,BTC-USDT,82657.6
2025-03-16 12:40:13.075,BTC-USDT,82667.1
2025-03-16 12:40:29.672,BTC-USDT,82708.0
2025-03-16 12:40:43.509,BTC-USDT,82700.8
2025-03-16 12:41:05.101,BTC-USDT,82728.3
2025-03-16 12:41:21.292,BTC-USDT,82730.4
2025-03-16 12:41:38.478,BTC-USDT,82708.7
2025-03-16 12:41:56.731,BTC-USDT,82669.8
2025-03-16 12:42:13.051,BTC-USDT,82666.3
2025-03-16 12:42:31.189,BTC-USDT,82660.1
2025-03-16 12:42:48.931,BTC-USDT,82676.1
2025-03-16 12:43:05.588,BTC-USDT,82670.4
2025-03-16 12:43:20.774,BTC-USDT,82670.5
2025-03-16 12:43:40.796,BTC-USDT,82625.0
2025-03-16 12:43:58.764,BTC-USDT,82654.9
2025-03-16 12:44:16.131,BTC-USDT,82636.6
2025-03-16 12:44:33.685,BTC-USDT,82636.3
2025-03-16 12:44:48.375,BTC-USDT,82634.9
2025-03-16 12:45:08.015,BTC-USDT,82659.6
2025-03-16 12:45:24.942,BTC-USDT,82680.0
2025-03-16 12:45:42.759,BTC-USDT,82693.7
2025-03-16 12:45:57.414,BTC-USDT,82693.6
2025-03-16 12:46:15.102,BTC-USDT,82696.6
2025-03-16 12:46:34.281,BTC-USDT,82690.1
2025-03-16 12:46:47.016,BTC-USDT,82690.2
2025-03-16 12:47:06.644,BTC-USDT,82686.6
2025-03-16 12:47:26.749,BTC-USDT,82663.5
2025-03-16 12:47:44.726,BTC-USDT,82636.8
2025-03-16 12:48:00.316,BTC-USDT,82636.7
2025-03-16 12:48:18.501,BTC-USDT,82636.7
2025-03-16 12:48:35.168,BTC-USDT,82635.7
2025-03-16 12:48:52.757,BTC-USDT,82639.3
2025-03-16 12:49:10.276,BTC-USDT,82691.1
2025-03-16 12:49:25.520,BTC-USDT,82694.0
2025-03-16 12:49:44.193,BTC-USDT,82699.7
2025-03-16 12:50:03.474,BTC-USDT,82720.1
2025-03-16 12:50:20.914,BTC-USDT,82652.9
2025-03-16 12:50:38.257,BTC-USDT,82623.4
2025-03-16 12:50:55.981,BTC-USDT,82618.2
2025-03-16 12:51:12.397,BTC-USDT,82615.3
2025-03-16 12:51:30.221,BTC-USDT,82632.8
2025-03-16 12:51:48.685,BTC-USDT,82589.5
2025-03-16 12:52:05.819,BTC-USDT,82681.4
2025-03-16 12:52:23.441,BTC-USDT,82648.8
2025-03-16 12:53:14.978,BTC-USDT,82628.3
2025-03-16 12:53:35.037,BTC-USDT,82638.4
2025-03-16 12:53:52.243,BTC-USDT,82658.9
2025-03-16 12:54:14.854,BTC-USDT,82597.0
2025-03-16 12:54:32.157,BTC-USDT,82613.6
2025-03-16 12:54:47.104,BTC-USDT,82627.0
2025-03-16 12:55:05.980,BTC-USDT,82627.1
2025-03-16 12:55:18.884,BTC-USDT,82626.9
2025-03-16 12:55:40.788,BTC-USDT,82616.8
2025-03-16 12:55:58.102,BTC-USDT,82616.8
2025-03-16 12:56:14.618,BTC-USDT,82641.3
2025-03-16 12:56:29.049,BTC-USDT,82653.3
2025-03-16 12:56:47.855,BTC-USDT,82752.4
2025-03-16 12:57:06.818,BTC-USDT,82772.0
2025-03-16 12:57:23.392,BTC-USDT,82797.7
2025-03-16 12:57:39.788,BTC-USDT,82828.0
2025-03-16 12:57:55.131,BTC-USDT,82817.8
2025-03-16 12:58:14.477,BTC-USDT,82768.1
2025-03-16 12:58:32.315,BTC-USDT,82763.5
2025-03-16 12:58:49.220,BTC-USDT,82769.1
2025-03-16 12:59:05.014,BTC-USDT,82764.4
2025-03-16 12:59:22.463,BTC-USDT,82781.0
2025-03-16 12:59:39.903,BTC-USDT,82768.1
2025-03-16 12:59:57.545,BTC-USDT,82764.5
2025-03-16 13:00:14.144,BTC-USDT,82736.7
2025-03-16 13:00:31.665,BTC-USDT,82731.5
2025-03-16 13:00:49.433,BTC-USDT,82751.3
2025-03-16 13:01:05.339,BTC-USDT,82815.3
2025-03-16 13:01:23.428,BTC-USDT,82798.2
2025-03-16 13:01:40.384,BTC-USDT,82796.5
2025-03-16 13:01:58.047,BTC-USDT,82813.0
2025-03-16 13:02:17.057,BTC-USDT,82795.8
2025-03-16 13:02:38.247,BTC-USDT,82790.0
2025-03-16 13:02:56.335,BTC-USDT,82838.8
2025-03-16 13:03:13.315,BTC-USDT,82823.1
2025-03-16 13:03:30.192,BTC-USDT,82837.2
2025-03-16 13:03:45.881,BTC-USDT,82863.2
2025-03-16 13:04:05.029,BTC-USDT,82829.6
2025-03-16 13:04:22.375,BTC-USDT,83000.4
2025-03-16 13:04:39.613,BTC-USDT,82959.3
2025-03-16 13:04:55.203,BTC-USDT,82939.2
2025-03-16 13:05:13.158,BTC-USDT,82896.5
2025-03-16 13:05:30.414,BTC-USDT,82856.4
2025-03-16 13:05:47.734,BTC-USDT,82906.3
2025-03-16 13:06:03.531,BTC-USDT,82902.0
2025-03-16 13:06:21.757,BTC-USDT,82947.5
2025-03-16 13:06:37.590,BTC-USDT,82955.1
2025-03-16 13:06:55.238,BTC-USDT,82957.1
2025-03-16 13:07:12.761,BTC-USDT,82974.8
2025-03-16 13:07:29.313,BTC-USDT,82974.9
2025-03-16 13:07:47.122,BTC-USDT,82991.9
2025-03-16 13:08:04.395,BTC-USDT,82995.1
2025-03-16 13:08:22.054,BTC-USDT,83026.3
2025-03-16 13:08:37.438,BTC-USDT,83086.0
2025-03-16 13:08:55.643,BTC-USDT,83095.7
2025-03-16 13:09:12.223,BTC-USDT,83105.9
2025-03-16 13:09:29.785,BTC-USDT,83030.0
2025-03-16 13:09:46.145,BTC-USDT,83060.1
2025-03-16 13:10:03.824,BTC-USDT,83079.6
2025-03-16 13:10:21.237,BTC-USDT,83011.1
2025-03-16 13:10:37.726,BTC-USDT,83000.0
2025-03-16 13:10:54.510,BTC-USDT,82988.5
2025-03-16 13:11:11.861,BTC-USDT,82986.1
2025-03-16 13:11:30.007,BTC-USDT,82965.6
2025-03-16 13:11:46.776,BTC-USDT,82949.7
2025-03-16 13:12:04.199,BTC-USDT,82943.1
2025-03-16 13:12:21.330,BTC-USDT,82949.7
2025-03-16 13:12:37.851,BTC-USDT,82965.2
2025-03-16 13:12:54.473,BTC-USDT,83000.0
2025-03-16 13:13:12.768,BTC-USDT,83038.9
2025-03-16 13:13:27.953,BTC-USDT,83032.9
2025-03-16 13:13:46.215,BTC-USDT,83002.1
2025-03-16 13:14:02.195,BTC-USDT,82963.2
2025-03-16 13:14:21.893,BTC-USDT,83019.6
2025-03-16 13:14:38.272,BTC-USDT,83017.4
2025-03-16 13:14:53.433,BTC-USDT,83008.9
2025-03-16 13:15:12.144,BTC-USDT,82970.7
2025-03-16 13:15:25.513,BTC-USDT,82964.7
2025-03-16 13:15:42.541,BTC-USDT,82944.8
2025-03-16 13:16:03.339,BTC-USDT,82957.9
2025-03-16 13:16:21.217,BTC-USDT,83021.1
2025-03-16 13:16:38.223,BTC-USDT,83026.8
2025-03-16 13:16:55.238,BTC-USDT,82994.6
2025-03-16 13:17:12.994,BTC-USDT,82929.8
2025-03-16 13:17:30.402,BTC-USDT,82878.0
2025-03-16 13:17:47.508,BTC-USDT,82896.6
2025-03-16 13:18:03.543,BTC-USDT,82878.2
2025-03-16 13:18:17.633,BTC-USDT,82882.0
2025-03-16 13:18:34.558,BTC-USDT,82905.9
2025-03-16 13:18:54.707,BTC-USDT,82893.7
2025-03-16 13:19:10.315,BTC-USDT,82885.3
2025-03-16 13:19:29.431,BTC-USDT,82880.9
2025-03-16 13:19:47.401,BTC-USDT,82882.9
2025-03-16 13:20:00.910,BTC-USDT,82895.4
2025-03-16 13:20:20.783,BTC-USDT,82893.5
2025-03-16 13:20:36.534,BTC-USDT,82924.1
2025-03-16 13:20:53.586,BTC-USDT,82939.6
2025-03-16 13:21:10.655,BTC-USDT,82943.2
2025-03-16 13:21:30.415,BTC-USDT,82934.3
2025-03-16 13:21:33.002,BTC-USDT,82911.0
2025-03-16 13:22:04.655,BTC-USDT,82915.8
2025-03-16 13:22:20.292,BTC-USDT,82907.4
2025-03-16 13:22:36.174,BTC-USDT,82904.4
2025-03-16 13:22:54.153,BTC-USDT,82872.3
2025-03-16 13:23:12.840,BTC-USDT,82875.4
2025-03-16 13:23:29.933,BTC-USDT,82837.9
2025-03-16 13:23:44.548,BTC-USDT,82853.9
2025-03-16 13:24:04.655,BTC-USDT,82828.0
2025-03-16 13:24:20.271,BTC-USDT,82854.3
2025-03-16 13:24:39.522,BTC-USDT,82862.5
2025-03-16 13:24:49.046,BTC-USDT,82846.7
2025-03-16 13:25:12.682,BTC-USDT,82835.3
2025-03-16 13:25:29.172,BTC-USDT,82836.4
2025-03-16 13:25:36.088,BTC-USDT,82849.1
2025-03-16 13:26:04.762,BTC-USDT,82868.2
2025-03-16 13:26:12.003,BTC-USDT,82873.6
2025-03-16 13:26:38.835,BTC-USDT,82887.3
2025-03-16 13:26:47.078,BTC-USDT,82887.3
2025-03-16 13:27:13.911,BTC-USDT,82910.0
2025-03-16 13:27:30.212,BTC-USDT,82883.5
2025-03-16 13:27:47.097,BTC-USDT,82892.2
2025-03-16 13:28:04.132,BTC-USDT,82930.9
2025-03-16 13:28:21.234,BTC-USDT,82947.1
2025-03-16 13:28:38.784,BTC-USDT,82966.6
2025-03-16 13:28:56.236,BTC-USDT,82966.6
2025-03-16 13:29:13.541,BTC-USDT,82969.0
2025-03-16 13:29:28.798,BTC-USDT,82937.9
2025-03-16 13:29:45.172,BTC-USDT,82950.8
2025-03-16 13:30:03.534,BTC-USDT,82971.6
2025-03-16 13:30:19.198,BTC-USDT,82971.5
2025-03-16 13:30:35.026,BTC-USDT,82971.5
2025-03-16 13:30:53.063,BTC-USDT,82969.0
2025-03-16 13:31:12.491,BTC-USDT,82952.2
2025-03-16 13:31:24.433,BTC-USDT,82947.5
2025-03-16 13:31:44.523,BTC-USDT,82947.6
2025-03-16 13:32:04.060,BTC-USDT,82929.3
2025-03-16 13:32:22.557,BTC-USDT,82899.7
2025-03-16 13:32:39.665,BTC-USDT,82925.9
2025-03-16 13:32:52.774,BTC-USDT,82969.0
2025-03-16 13:33:12.566,BTC-USDT,82998.6
2025-03-16 13:33:29.160,BTC-USDT,82998.7
2025-03-16 13:33:46.600,BTC-USDT,83014.1
2025-03-16 13:34:05.990,BTC-USDT,83009.8
2025-03-16 13:34:23.379,BTC-USDT,83015.3
2025-03-16 13:34:41.623,BTC-USDT,83040.3
2025-03-16 13:34:57.757,BTC-USDT,83052.5
2025-03-16 13:35:16.759,BTC-USDT,83081.7
2025-03-16 13:35:31.709,BTC-USDT,83062.2
2025-03-16 13:35:50.771,BTC-USDT,83088.5
2025-03-16 13:36:07.068,BTC-USDT,83064.2
2025-03-16 13:36:22.715,BTC-USDT,83050.2
2025-03-16 13:36:41.371,BTC-USDT,83029.1
2025-03-16 13:37:00.706,BTC-USDT,83008.3
2025-03-16 13:37:13.599,BTC-USDT,83037.8
2025-03-16 13:37:34.174,BTC-USDT,83004.4
2025-03-16 13:37:45.628,BTC-USDT,83029.2
2025-03-16 13:38:08.245,BTC-USDT,83014.2
2025-03-16 13:38:38.582,BTC-USDT,82958.1
2025-03-16 13:38:47.360,BTC-USDT,82982.6
2025-03-16 13:39:10.978,BTC-USDT,83003.1
2025-03-16 13:39:28.584,BTC-USDT,83011.7
2025-03-16 13:39:44.628,BTC-USDT,82970.9
2025-03-16 13:40:05.415,BTC-USDT,82959.4
2025-03-16 13:40:22.470,BTC-USDT,82912.5
2025-03-16 13:40:40.933,BTC-USDT,82885.3
2025-03-16 13:40:56.664,BTC-USDT,82902.2
2025-03-16 13:41:13.189,BTC-USDT,82892.2
2025-03-16 13:41:30.827,BTC-USDT,82902.3
2025-03-16 13:41:48.625,BTC-USDT,82902.6
2025-03-16 13:42:04.886,BTC-USDT,82889.9
2025-03-16 13:42:22.994,BTC-USDT,82872.4
2025-03-16 13:42:39.560,BTC-USDT,82870.6
2025-03-16 13:42:56.987,BTC-USDT,82836.7
2025-03-16 13:43:14.116,BTC-USDT,82821.3
2025-03-16 13:43:30.372,BTC-USDT,82791.4
2025-03-16 13:43:47.072,BTC-USDT,82736.5
2025-03-16 13:44:04.200,BTC-USDT,82698.0
2025-03-16 13:44:23.086,BTC-USDT,82736.5
2025-03-16 13:44:35.455,BTC-USDT,82708.6
2025-03-16 13:44:52.867,BTC-USDT,82728.3
2025-03-16 13:45:13.882,BTC-USDT,82768.8
2025-03-16 13:45:31.227,BTC-USDT,82694.5
2025-03-16 13:45:47.079,BTC-USDT,82657.3
2025-03-16 13:46:06.054,BTC-USDT,82650.3
2025-03-16 13:46:19.263,BTC-USDT,82675.4
2025-03-16 13:46:36.695,BTC-USDT,82685.1
2025-03-16 13:46:55.450,BTC-USDT,82714.8
2025-03-16 13:47:14.137,BTC-USDT,82684.5
2025-03-16 13:47:28.059,BTC-USDT,82684.6
2025-03-16 13:47:48.567,BTC-USDT,82676.9
2025-03-16 13:48:04.683,BTC-USDT,82669.0
2025-03-16 13:48:21.667,BTC-USDT,82628.3
2025-03-16 13:48:38.956,BTC-USDT,82543.1
2025-03-16 13:48:55.660,BTC-USDT,82559.2
2025-03-16 13:49:12.948,BTC-USDT,82591.1
2025-03-16 13:49:26.917,BTC-USDT,82547.3
2025-03-16 13:49:45.784,BTC-USDT,82587.8
2025-03-16 13:50:04.642,BTC-USDT,82592.8
2025-03-16 13:50:23.377,BTC-USDT,82634.9
2025-03-16 13:50:38.904,BTC-USDT,82651.7
2025-03-16 13:50:54.334,BTC-USDT,82596.8
2025-03-16 13:51:10.001,BTC-USDT,82610.3
2025-03-16 13:51:29.373,BTC-USDT,82678.3
2025-03-16 13:51:48.352,BTC-USDT,82688.7
2025-03-16 13:52:04.004,BTC-USDT,82735.8
2025-03-16 13:52:21.439,BTC-USDT,82739.6
2025-03-16 13:52:39.597,BTC-USDT,82692.5
2025-03-16 13:52:57.076,BTC-USDT,82690.2
2025-03-16 13:53:13.211,BTC-USDT,82653.8
2025-03-16 13:53:29.274,BTC-USDT,82663.5
2025-03-16 13:53:46.145,BTC-USDT,82632.4
2025-03-16 13:54:04.671,BTC-USDT,82628.2
2025-03-16 13:54:22.076,BTC-USDT,82602.5
2025-03-16 13:54:44.647,BTC-USDT,82556.6
2025-03-16 13:55:03.350,BTC-USDT,82556.6
2025-03-16 13:55:19.714,BTC-USDT,82507.3
2025-03-16 13:55:35.624,BTC-USDT,82536.3
2025-03-16 13:55:52.305,BTC-USDT,82516.3
2025-03-16 13:56:11.074,BTC-USDT,82546.9
2025-03-16 13:56:43.150,BTC-USDT,82544.4
2025-03-16 13:56:58.020,BTC-USDT,82564.4
2025-03-16 13:57:16.674,BTC-USDT,82594.8
2025-03-16 13:57:32.868,BTC-USDT,82546.8
2025-03-16 13:57:51.702,BTC-USDT,82554.7
2025-03-16 13:58:04.240,BTC-USDT,82560.1
2025-03-16 13:58:25.414,BTC-USDT,82605.6
2025-03-16 13:58:37.335,BTC-USDT,82577.2
2025-03-16 13:58:57.138,BTC-USDT,82566.9
2025-03-16 13:59:17.063,BTC-USDT,82601.2
2025-03-16 13:59:32.927,BTC-USDT,82604.0
2025-03-16 13:59:51.722,BTC-USDT,82592.7
2025-03-16 14:00:07.198,BTC-USDT,82580.0
2025-03-16 14:00:26.313,BTC-USDT,82580.7
2025-03-16 14:00:42.588,BTC-USDT,82683.5
2025-03-16 14:01:00.200,BTC-USDT,82667.7
2025-03-16 14:01:18.001,BTC-USDT,82674.1
2025-03-16 14:01:32.637,BTC-USDT,82712.5
2025-03-16 14:01:50.827,BTC-USDT,82763.0
2025-03-16 14:02:09.233,BTC-USDT,82756.9
2025-03-16 14:02:25.472,BTC-USDT,82710.2
2025-03-16 14:02:43.912,BTC-USDT,82733.7
2025-03-16 14:02:58.340,BTC-USDT,82733.8
2025-03-16 14:03:09.419,BTC-USDT,82746.7
2025-03-16 14:03:35.345,BTC-USDT,82792.3
2025-03-16 14:03:48.695,BTC-USDT,82849.9
2025-03-16 14:04:09.751,BTC-USDT,82895.3
2025-03-16 14:04:26.225,BTC-USDT,82890.5
2025-03-16 14:04:43.842,BTC-USDT,82948.5
2025-03-16 14:05:00.280,BTC-USDT,82895.8
2025-03-16 14:05:17.088,BTC-USDT,82831.4
2025-03-16 14:05:34.416,BTC-USDT,82833.9
2025-03-16 14:05:51.114,BTC-USDT,82840.0
2025-03-16 14:06:08.802,BTC-USDT,82910.4
2025-03-16 14:06:26.896,BTC-USDT,82891.1
2025-03-16 14:06:41.456,BTC-USDT,82869.5
2025-03-16 14:07:03.692,BTC-USDT,82892.7
2025-03-16 14:07:17.086,BTC-USDT,82892.9
2025-03-16 14:07:37.566,BTC-USDT,82885.6
2025-03-16 14:07:54.266,BTC-USDT,82861.5
2025-03-16 14:08:12.301,BTC-USDT,82821.1
2025-03-16 14:08:28.673,BTC-USDT,82811.3
2025-03-16 14:08:46.015,BTC-USDT,82810.5
2025-03-16 14:09:00.466,BTC-USDT,82807.7
2025-03-16 14:09:21.115,BTC-USDT,82822.7
2025-03-16 14:09:37.665,BTC-USDT,82788.2
2025-03-16 14:09:54.697,BTC-USDT,82778.5
2025-03-16 14:10:13.315,BTC-USDT,82791.4
2025-03-16 14:10:30.638,BTC-USDT,82826.8
2025-03-16 14:10:47.201,BTC-USDT,82770.4
2025-03-16 14:11:03.425,BTC-USDT,82760.2
2025-03-16 14:11:34.929,BTC-USDT,82798.3
2025-03-16 14:11:49.559,BTC-USDT,82798.7
2025-03-16 14:12:08.050,BTC-USDT,82818.7
2025-03-16 14:12:26.709,BTC-USDT,82747.0
2025-03-16 14:12:45.314,BTC-USDT,82733.0
2025-03-16 14:13:00.844,BTC-USDT,82713.2
2025-03-16 14:13:18.349,BTC-USDT,82733.4
2025-03-16 14:13:36.558,BTC-USDT,82737.1
2025-03-16 14:13:51.458,BTC-USDT,82735.9
2025-03-16 14:14:10.675,BTC-USDT,82747.8
2025-03-16 14:14:25.162,BTC-USDT,82770.1
2025-03-16 14:14:44.695,BTC-USDT,82722.5
2025-03-16 14:15:02.401,BTC-USDT,82691.4
2025-03-16 14:15:19.231,BTC-USDT,82745.8
2025-03-16 14:15:37.801,BTC-USDT,82714.9
2025-03-16 14:15:54.229,BTC-USDT,82736.6
2025-03-16 14:16:11.984,BTC-USDT,82678.3
2025-03-16 14:16:29.441,BTC-USDT,82670.8
2025-03-16 14:16:46.427,BTC-USDT,82691.6
2025-03-16 14:17:03.566,BTC-USDT,82673.5
2025-03-16 14:17:21.126,BTC-USDT,82656.0
2025-03-16 14:17:36.010,BTC-USDT,82630.9
2025-03-16 14:17:55.224,BTC-USDT,82675.9
2025-03-16 14:18:12.978,BTC-USDT,82690.0
2025-03-16 14:18:30.745,BTC-USDT,82706.4
2025-03-16 14:18:47.755,BTC-USDT,82736.4
2025-03-16 14:19:03.973,BTC-USDT,82757.0
2025-03-16 14:19:16.878,BTC-USDT,82778.0
2025-03-16 14:19:35.841,BTC-USDT,82777.3
2025-03-16 14:19:56.243,BTC-USDT,82779.3
2025-03-16 14:20:08.424,BTC-USDT,82775.8
2025-03-16 14:20:29.238,BTC-USDT,82800.0
2025-03-16 14:20:48.611,BTC-USDT,82812.2
2025-03-16 14:20:58.152,BTC-USDT,82812.2
2025-03-16 14:21:23.296,BTC-USDT,82823.9
2025-03-16 14:21:38.746,BTC-USDT,82806.9
2025-03-16 14:21:56.811,BTC-USDT,82804.8
2025-03-16 14:22:12.382,BTC-USDT,82793.6
2025-03-16 14:22:30.509,BTC-USDT,82837.6
2025-03-16 14:22:46.237,BTC-USDT,82829.3
2025-03-16 14:23:05.169,BTC-USDT,82829.3
2025-03-16 14:23:22.658,BTC-USDT,82853.1
2025-03-16 14:23:40.641,BTC-USDT,82842.2
2025-03-16 14:23:57.295,BTC-USDT,82877.3
2025-03-16 14:24:12.529,BTC-USDT,82869.2
2025-03-16 14:24:32.065,BTC-USDT,82869.8
2025-03-16 14:24:44.217,BTC-USDT,82849.3
2025-03-16 14:25:04.439,BTC-USDT,82857.3
2025-03-16 14:25:22.529,BTC-USDT,82874.6
2025-03-16 14:25:39.056,BTC-USDT,82874.1
2025-03-16 14:25:40.877,BTC-USDT,82874.1
2025-03-16 14:26:09.996,BTC-USDT,82841.7
2025-03-16 14:26:27.922,BTC-USDT,82838.5
2025-03-16 14:26:41.093,BTC-USDT,82842.8
2025-03-16 14:27:02.925,BTC-USDT,82880.2
2025-03-16 14:27:20.541,BTC-USDT,82878.5
2025-03-16 14:27:39.544,BTC-USDT,82879.5
2025-03-16 14:27:56.030,BTC-USDT,82899.1
2025-03-16 14:28:09.867,BTC-USDT,82863.3
2025-03-16 14:28:28.572,BTC-USDT,82869.6
2025-03-16 14:28:48.320,BTC-USDT,82842.8
2025-03-16 14:28:58.845,BTC-USDT,82842.9
2025-03-16 14:29:20.767,BTC-USDT,82864.0
2025-03-16 14:29:39.846,BTC-USDT,82869.2
2025-03-16 14:29:54.450,BTC-USDT,82895.2
2025-03-16 14:30:15.569,BTC-USDT,82862.7
2025-03-16 14:30:28.985,BTC-USDT,82901.7
2025-03-16 14:30:48.813,BTC-USDT,82860.7
2025-03-16 14:31:06.060,BTC-USDT,82864.5
2025-03-16 14:31:23.161,BTC-USDT,82874.7
2025-03-16 14:31:37.389,BTC-USDT,82873.3
2025-03-16 14:31:57.645,BTC-USDT,82863.0
2025-03-16 14:32:13.712,BTC-USDT,82847.5
2025-03-16 14:32:31.426,BTC-USDT,82872.0
2025-03-16 14:32:47.087,BTC-USDT,82842.8
2025-03-16 14:33:07.249,BTC-USDT,82751.1
2025-03-16 14:33:24.271,BTC-USDT,82720.5
2025-03-16 14:33:41.112,BTC-USDT,82729.5
2025-03-16 14:33:57.583,BTC-USDT,82730.7
2025-03-16 14:34:16.911,BTC-USDT,82751.2
2025-03-16 14:34:32.875,BTC-USDT,82792.5
2025-03-16 14:34:51.603,BTC-USDT,82773.5
2025-03-16 14:35:09.187,BTC-USDT,82779.0
2025-03-16 14:35:20.110,BTC-USDT,82787.3
2025-03-16 14:35:42.092,BTC-USDT,82782.3
2025-03-16 14:36:00.093,BTC-USDT,82808.1
2025-03-16 14:36:17.675,BTC-USDT,82802.7
2025-03-16 14:36:32.124,BTC-USDT,82802.6
2025-03-16 14:36:42.835,BTC-USDT,82795.1
2025-03-16 14:37:06.148,BTC-USDT,82831.0
2025-03-16 14:37:20.210,BTC-USDT,82837.4
2025-03-16 14:37:39.504,BTC-USDT,82833.3
2025-03-16 14:37:56.099,BTC-USDT,82853.6
2025-03-16 14:38:15.962,BTC-USDT,82884.1
2025-03-16 14:38:33.440,BTC-USDT,82897.0
2025-03-16 14:38:51.060,BTC-USDT,82888.3
2025-03-16 14:39:07.192,BTC-USDT,82902.0
2025-03-16 14:39:25.436,BTC-USDT,82862.5
2025-03-16 14:39:42.382,BTC-USDT,82878.9
2025-03-16 14:39:58.891,BTC-USDT,82892.6
2025-03-16 14:40:13.527,BTC-USDT,82865.9
2025-03-16 14:40:25.299,BTC-USDT,82877.2
2025-03-16 14:40:50.912,BTC-USDT,82892.2
2025-03-16 14:41:03.158,BTC-USDT,82910.7
2025-03-16 14:41:15.231,BTC-USDT,82913.9
2025-03-16 14:41:41.202,BTC-USDT,82913.8
2025-03-16 14:41:53.591,BTC-USDT,82926.8
2025-03-16 14:42:15.227,BTC-USDT,82927.3
2025-03-16 14:42:33.723,BTC-USDT,82952.7
2025-03-16 14:42:49.138,BTC-USDT,82969.3
2025-03-16 14:43:08.816,BTC-USDT,82989.2
2025-03-16 14:43:21.138,BTC-USDT,82994.1
2025-03-16 14:43:43.229,BTC-USDT,82994.2
2025-03-16 14:43:58.371,BTC-USDT,82974.3
2025-03-16 14:44:17.483,BTC-USDT,82947.1
2025-03-16 14:44:28.213,BTC-USDT,82949.3
2025-03-16 14:44:51.907,BTC-USDT,82938.6
2025-03-16 14:45:08.487,BTC-USDT,82950.0
2025-03-16 14:45:25.945,BTC-USDT,82930.1
2025-03-16 14:45:39.397,BTC-USDT,82950.2
2025-03-16 14:46:00.374,BTC-USDT,82960.4
2025-03-16 14:46:16.449,BTC-USDT,82932.9
2025-03-16 14:46:33.188,BTC-USDT,82961.8
2025-03-16 14:46:51.482,BTC-USDT,82932.3
2025-03-16 14:47:07.531,BTC-USDT,82930.5
2025-03-16 14:47:25.139,BTC-USDT,82925.5
2025-03-16 14:47:42.930,BTC-USDT,82912.4
2025-03-16 14:47:56.655,BTC-USDT,82905.1
2025-03-16 14:48:17.523,BTC-USDT,82905.2
2025-03-16 14:48:34.714,BTC-USDT,82905.2
2025-03-16 14:48:51.531,BTC-USDT,82895.1
2025-03-16 14:49:07.587,BTC-USDT,82902.9
2025-03-16 14:49:24.104,BTC-USDT,82931.9
2025-03-16 14:49:43.838,BTC-USDT,82994.3
2025-03-16 14:49:59.421,BTC-USDT,82996.4
2025-03-16 14:50:18.586,BTC-USDT,83086.0
2025-03-16 14:50:32.501,BTC-USDT,83110.1
2025-03-16 14:50:52.763,BTC-USDT,83131.3
2025-03-16 14:51:10.021,BTC-USDT,83112.0
2025-03-16 14:51:24.539,BTC-USDT,83047.4
2025-03-16 14:51:42.870,BTC-USDT,83062.4
2025-03-16 14:52:03.148,BTC-USDT,83085.0
2025-03-16 14:52:19.952,BTC-USDT,83071.7
2025-03-16 14:52:35.664,BTC-USDT,83070.8
2025-03-16 14:52:52.932,BTC-USDT,83048.2
2025-03-16 14:53:12.107,BTC-USDT,83033.2
2025-03-16 14:53:21.786,BTC-USDT,83063.1
2025-03-16 14:53:46.813,BTC-USDT,83048.3
2025-03-16 14:54:01.079,BTC-USDT,83067.3
2025-03-16 14:54:20.387,BTC-USDT,83057.6
2025-03-16 14:54:24.078,BTC-USDT,83057.7
2025-03-16 14:54:54.074,BTC-USDT,83078.0
2025-03-16 14:55:12.213,BTC-USDT,83085.0
2025-03-16 14:55:29.587,BTC-USDT,83063.2
2025-03-16 14:55:47.035,BTC-USDT,83072.1
2025-03-16 14:55:57.113,BTC-USDT,83093.9
2025-03-16 14:56:22.830,BTC-USDT,83172.1
2025-03-16 14:56:39.106,BTC-USDT,83338.9
2025-03-16 14:56:56.947,BTC-USDT,83291.9
2025-03-16 14:57:14.082,BTC-USDT,83329.6
2025-03-16 14:57:31.230,BTC-USDT,83321.8
2025-03-16 14:57:45.227,BTC-USDT,83283.6
2025-03-16 14:58:05.842,BTC-USDT,83257.1
2025-03-16 14:58:21.555,BTC-USDT,83287.1
2025-03-16 14:58:41.111,BTC-USDT,83282.2
2025-03-16 14:58:58.324,BTC-USDT,83344.8
2025-03-16 14:59:11.384,BTC-USDT,83333.3
2025-03-16 14:59:27.520,BTC-USDT,83353.3
2025-03-16 14:59:49.973,BTC-USDT,83368.2
2025-03-16 15:00:06.623,BTC-USDT,83379.3
2025-03-16 15:00:24.542,BTC-USDT,83364.7
2025-03-16 15:00:42.174,BTC-USDT,83311.0
2025-03-16 15:00:55.090,BTC-USDT,83327.2
2025-03-16 15:01:16.580,BTC-USDT,83282.9
2025-03-16 15:01:32.376,BTC-USDT,83256.6
2025-03-16 15:01:50.224,BTC-USDT,83262.4
2025-03-16 15:02:06.219,BTC-USDT,83235.2
2025-03-16 15:02:24.556,BTC-USDT,83233.6
2025-03-16 15:02:42.183,BTC-USDT,83256.1
2025-03-16 15:02:59.199,BTC-USDT,83287.0
2025-03-16 15:03:16.918,BTC-USDT,83335.9
2025-03-16 15:03:34.243,BTC-USDT,83437.2
2025-03-16 15:03:51.023,BTC-USDT,83458.2
2025-03-16 15:04:07.044,BTC-USDT,83423.1
2025-03-16 15:04:22.241,BTC-USDT,83380.8
2025-03-16 15:04:42.153,BTC-USDT,83378.4
2025-03-16 15:04:56.650,BTC-USDT,83358.9
2025-03-16 15:05:16.399,BTC-USDT,83318.5
2025-03-16 15:05:31.918,BTC-USDT,83298.4
2025-03-16 15:05:50.996,BTC-USDT,83229.9
2025-03-16 15:06:07.519,BTC-USDT,83190.8
2025-03-16 15:06:25.464,BTC-USDT,83254.8
2025-03-16 15:06:42.226,BTC-USDT,83248.2
2025-03-16 15:06:58.588,BTC-USDT,83281.7
2025-03-16 15:07:16.447,BTC-USDT,83329.8
2025-03-16 15:07:32.495,BTC-USDT,83308.8
2025-03-16 15:07:48.457,BTC-USDT,83278.1
2025-03-16 15:08:05.396,BTC-USDT,83265.6
2025-03-16 15:08:18.271,BTC-USDT,83238.3
2025-03-16 15:08:41.067,BTC-USDT,83264.9
2025-03-16 15:08:54.114,BTC-USDT,83241.6
2025-03-16 15:09:13.243,BTC-USDT,83226.7
2025-03-16 15:09:33.715,BTC-USDT,83256.9
2025-03-16 15:09:46.740,BTC-USDT,83286.6
2025-03-16 15:10:07.886,BTC-USDT,83319.6
2025-03-16 15:10:25.165,BTC-USDT,83303.7
2025-03-16 15:10:40.753,BTC-USDT,83295.0
2025-03-16 15:10:54.344,BTC-USDT,83306.1
2025-03-16 15:11:16.282,BTC-USDT,83252.3
2025-03-16 15:11:33.509,BTC-USDT,83262.4
2025-03-16 15:11:50.433,BTC-USDT,83248.7
2025-03-16 15:12:08.492,BTC-USDT,83252.4
2025-03-16 15:12:23.318,BTC-USDT,83313.1
2025-03-16 15:12:42.642,BTC-USDT,83319.3
2025-03-16 15:12:57.904,BTC-USDT,83315.3
2025-03-16 15:13:15.927,BTC-USDT,83329.1
2025-03-16 15:13:33.945,BTC-USDT,83323.8
2025-03-16 15:13:50.239,BTC-USDT,83302.8
2025-03-16 15:14:09.628,BTC-USDT,83324.5
2025-03-16 15:14:25.265,BTC-USDT,83285.6
2025-03-16 15:14:45.484,BTC-USDT,83285.7
2025-03-16 15:15:03.067,BTC-USDT,83276.7
2025-03-16 15:15:19.153,BTC-USDT,83276.6
2025-03-16 15:15:36.021,BTC-USDT,83246.3
2025-03-16 15:15:55.433,BTC-USDT,83234.8
2025-03-16 15:16:11.283,BTC-USDT,83212.0
2025-03-16 15:16:25.639,BTC-USDT,83203.5
2025-03-16 15:16:46.275,BTC-USDT,83169.9
2025-03-16 15:17:00.384,BTC-USDT,83147.0
2025-03-16 15:17:20.399,BTC-USDT,83218.3
2025-03-16 15:17:37.410,BTC-USDT,83200.8
2025-03-16 15:17:53.989,BTC-USDT,83186.3
2025-03-16 15:18:12.566,BTC-USDT,83153.7
2025-03-16 15:18:28.794,BTC-USDT,83158.4
2025-03-16 15:18:45.131,BTC-USDT,83170.2
2025-03-16 15:18:57.421,BTC-USDT,83170.5
2025-03-16 15:19:20.495,BTC-USDT,83211.8
2025-03-16 15:19:33.305,BTC-USDT,83203.3
2025-03-16 15:19:54.960,BTC-USDT,83176.4
2025-03-16 15:20:10.913,BTC-USDT,83137.5
2025-03-16 15:20:26.956,BTC-USDT,83117.8
2025-03-16 15:20:46.271,BTC-USDT,83122.8
2025-03-16 15:21:03.663,BTC-USDT,83100.0
2025-03-16 15:21:19.841,BTC-USDT,83067.3
2025-03-16 15:21:37.803,BTC-USDT,83088.6
2025-03-16 15:21:52.759,BTC-USDT,83099.9
2025-03-16 15:22:11.024,BTC-USDT,83120.8
2025-03-16 15:22:26.137,BTC-USDT,83136.3
2025-03-16 15:22:46.739,BTC-USDT,83147.8
2025-03-16 15:23:03.456,BTC-USDT,83147.8
2025-03-16 15:23:20.706,BTC-USDT,83173.7
2025-03-16 15:23:38.344,BTC-USDT,83173.3
2025-03-16 15:23:55.937,BTC-USDT,83197.1
2025-03-16 15:24:11.608,BTC-USDT,83161.7
2025-03-16 15:24:26.309,BTC-USDT,83136.1
2025-03-16 15:24:42.272,BTC-USDT,83135.0
2025-03-16 15:25:04.346,BTC-USDT,83095.7
2025-03-16 15:25:19.549,BTC-USDT,83145.6
2025-03-16 15:25:39.008,BTC-USDT,83160.4
2025-03-16 15:25:55.567,BTC-USDT,83186.7
2025-03-16 15:26:11.484,BTC-USDT,83169.7
2025-03-16 15:26:26.992,BTC-USDT,83132.2
2025-03-16 15:26:48.074,BTC-USDT,83086.0
2025-03-16 15:27:04.683,BTC-USDT,83086.1
2025-03-16 15:27:22.294,BTC-USDT,83125.4
2025-03-16 15:27:25.934,BTC-USDT,83124.6
2025-03-16 15:27:54.601,BTC-USDT,83120.0
2025-03-16 15:28:14.452,BTC-USDT,83159.3
2025-03-16 15:28:28.561,BTC-USDT,83132.7
2025-03-16 15:28:43.486,BTC-USDT,83132.1
2025-03-16 15:29:19.160,BTC-USDT,83127.0
2025-03-16 15:29:36.857,BTC-USDT,83123.2
2025-03-16 15:29:51.046,BTC-USDT,83119.3
2025-03-16 15:30:12.194,BTC-USDT,83084.3
2025-03-16 15:30:29.824,BTC-USDT,83049.4
2025-03-16 15:30:45.896,BTC-USDT,83035.5
2025-03-16 15:31:03.258,BTC-USDT,83074.7
2025-03-16 15:31:19.427,BTC-USDT,83091.5
2025-03-16 15:31:37.706,BTC-USDT,83063.3
2025-03-16 15:31:52.383,BTC-USDT,83040.4
2025-03-16 15:32:08.560,BTC-USDT,83015.2
2025-03-16 15:32:29.590,BTC-USDT,83019.4
2025-03-16 15:32:47.490,BTC-USDT,83067.3
2025-03-16 15:33:03.904,BTC-USDT,83090.6
2025-03-16 15:33:22.105,BTC-USDT,83109.5
2025-03-16 15:33:39.461,BTC-USDT,83109.6
2025-03-16 15:33:52.675,BTC-USDT,83162.3
2025-03-16 15:34:13.985,BTC-USDT,83161.8
2025-03-16 15:34:29.926,BTC-USDT,83207.6
2025-03-16 15:34:44.491,BTC-USDT,83206.2
2025-03-16 15:35:03.969,BTC-USDT,83227.2
2025-03-16 15:35:14.804,BTC-USDT,83219.7
2025-03-16 15:35:38.657,BTC-USDT,83276.8
2025-03-16 15:35:56.837,BTC-USDT,83276.8
2025-03-16 15:36:12.720,BTC-USDT,83298.7
2025-03-16 15:36:30.000,BTC-USDT,83323.6
2025-03-16 15:36:47.102,BTC-USDT,83292.9
2025-03-16 15:37:06.950,BTC-USDT,83260.3
2025-03-16 15:37:23.201,BTC-USDT,83239.6
2025-03-16 15:37:41.122,BTC-USDT,83236.5
2025-03-16 15:37:58.605,BTC-USDT,83284.9
2025-03-16 15:38:14.326,BTC-USDT,83258.1
2025-03-16 15:38:32.736,BTC-USDT,83225.7
2025-03-16 15:38:46.554,BTC-USDT,83229.9
2025-03-16 15:39:03.739,BTC-USDT,83237.9
2025-03-16 15:39:25.440,BTC-USDT,83190.9
2025-03-16 15:39:40.700,BTC-USDT,83200.8
2025-03-16 15:40:11.744,BTC-USDT,83166.2
2025-03-16 15:40:31.324,BTC-USDT,83179.9
2025-03-16 15:40:48.239,BTC-USDT,83213.1
2025-03-16 15:41:05.739,BTC-USDT,83183.9
2025-03-16 15:41:22.035,BTC-USDT,83202.4
2025-03-16 15:41:38.226,BTC-USDT,83240.5
2025-03-16 15:41:45.899,BTC-USDT,83220.1
2025-03-16 15:42:11.707,BTC-USDT,83197.0
2025-03-16 15:42:29.023,BTC-USDT,83223.7
2025-03-16 15:42:41.547,BTC-USDT,83203.1
2025-03-16 15:43:06.882,BTC-USDT,83203.1
2025-03-16 15:43:12.250,BTC-USDT,83223.7
2025-03-16 15:43:40.924,BTC-USDT,83223.7
2025-03-16 15:43:56.082,BTC-USDT,83254.6
2025-03-16 15:44:15.691,BTC-USDT,83279.6
2025-03-16 15:44:28.739,BTC-USDT,83261.5
2025-03-16 15:44:46.668,BTC-USDT,83266.5
2025-03-16 15:45:07.047,BTC-USDT,83260.9
2025-03-16 15:45:22.790,BTC-USDT,83234.0
2025-03-16 15:45:40.385,BTC-USDT,83230.9
2025-03-16 15:45:52.156,BTC-USDT,83251.5
2025-03-16 15:46:14.815,BTC-USDT,83312.6
2025-03-16 15:46:32.133,BTC-USDT,83315.4
2025-03-16 15:46:42.223,BTC-USDT,83319.4
2025-03-16 15:46:53.748,BTC-USDT,83323.5
2025-03-16 15:47:21.971,BTC-USDT,83300.0
2025-03-16 15:47:36.832,BTC-USDT,83296.8
2025-03-16 15:47:54.701,BTC-USDT,83253.4
2025-03-16 15:48:06.106,BTC-USDT,83253.4
2025-03-16 15:48:30.190,BTC-USDT,83304.6
2025-03-16 15:48:46.951,BTC-USDT,83304.9
2025-03-16 15:49:07.024,BTC-USDT,83323.4
2025-03-16 15:49:20.423,BTC-USDT,83321.5
2025-03-16 15:49:34.714,BTC-USDT,83324.4
2025-03-16 15:50:11.208,BTC-USDT,83299.0
2025-03-16 15:50:29.482,BTC-USDT,83296.0
2025-03-16 15:50:42.614,BTC-USDT,83298.1
2025-03-16 15:51:01.317,BTC-USDT,83312.4
2025-03-16 15:51:20.224,BTC-USDT,83308.5
2025-03-16 15:51:38.244,BTC-USDT,83329.6
2025-03-16 15:51:53.007,BTC-USDT,83329.5
2025-03-16 15:52:12.548,BTC-USDT,83311.6
2025-03-16 15:52:30.638,BTC-USDT,83331.7
2025-03-16 15:52:47.299,BTC-USDT,83331.7
2025-03-16 15:53:03.986,BTC-USDT,83300.4
2025-03-16 15:53:15.430,BTC-USDT,83309.6
2025-03-16 15:53:31.199,BTC-USDT,83329.8
2025-03-16 15:53:49.996,BTC-USDT,83339.8
2025-03-16 15:54:03.807,BTC-USDT,83348.4
2025-03-16 15:54:22.921,BTC-USDT,83349.9
2025-03-16 15:54:42.313,BTC-USDT,83370.9
2025-03-16 15:55:00.700,BTC-USDT,83405.5
2025-03-16 15:55:18.556,BTC-USDT,83397.0
2025-03-16 15:55:34.744,BTC-USDT,83428.4
2025-03-16 15:55:49.231,BTC-USDT,83411.0
2025-03-16 15:56:10.291,BTC-USDT,83371.0
2025-03-16 15:56:26.049,BTC-USDT,83391.6
2025-03-16 15:56:42.001,BTC-USDT,83381.4
2025-03-16 15:56:53.705,BTC-USDT,83364.8
2025-03-16 15:57:14.143,BTC-USDT,83380.0
2025-03-16 15:57:35.140,BTC-USDT,83387.8
2025-03-16 15:57:51.952,BTC-USDT,83401.9
2025-03-16 15:58:03.757,BTC-USDT,83382.8
2025-03-16 15:58:28.768,BTC-USDT,83360.7
2025-03-16 15:58:44.248,BTC-USDT,83364.4
2025-03-16 15:58:59.722,BTC-USDT,83357.7
2025-03-16 15:59:16.305,BTC-USDT,83325.3
2025-03-16 15:59:36.857,BTC-USDT,83324.5
2025-03-16 15:59:51.267,BTC-USDT,83325.3
